vendor,product,version,cve_number,severity,score,source,cvss_version,cvss_vector,paths,remarks,comments
ijg,libjpeg,9c-2,CVE-2020-14152,HIGH,7.1,NVD,3,CVSS:3.1/AV:L/AC:L/PR:N/UI:R/S:U/C:H/I:N/A:H,,NewFound,
jpeg,libjpeg,9c-2,CVE-2021-39514,MEDIUM,6.5,NVD,3,CVSS:3.1/AV:N/AC:L/PR:N/UI:R/S:U/C:N/I:N/A:H,,NewFound,
jpeg,libjpeg,9c-2,CVE-2021-39515,MEDIUM,6.5,NVD,3,CVSS:3.1/AV:N/AC:L/PR:N/UI:R/S:U/C:N/I:N/A:H,,NewFound,
jpeg,libjpeg,9c-2,CVE-2021-39516,MEDIUM,6.5,NVD,3,CVSS:3.1/AV:N/AC:L/PR:N/UI:R/S:U/C:N/I:N/A:H,,NewFound,
jpeg,libjpeg,9c-2,CVE-2021-39517,MEDIUM,6.5,NVD,3,CVSS:3.1/AV:N/AC:L/PR:N/UI:R/S:U/C:N/I:N/A:H,,NewFound,
jpeg,libjpeg,9c-2,CVE-2021-39518,MEDIUM,6.5,NVD,3,CVSS:3.1/AV:N/AC:L/PR:N/UI:R/S:U/C:N/I:N/A:H,,NewFound,
jpeg,libjpeg,9c-2,CVE-2021-39519,MEDIUM,6.5,NVD,3,CVSS:3.1/AV:N/AC:L/PR:N/UI:R/S:U/C:N/I:N/A:H,,NewFound,
jpeg,libjpeg,9c-2,CVE-2021-39520,MEDIUM,6.5,NVD,3,CVSS:3.1/AV:N/AC:L/PR:N/UI:R/S:U/C:N/I:N/A:H,,NewFound,
busybox,busybox,1.31.0-1,CVE-2018-1000500,HIGH,8.1,NVD,3,CVSS:3.1/AV:N/AC:H/PR:N/UI:N/S:U/C:H/I:H/A:H,,NewFound,
busybox,busybox,1.31.0-1,CVE-2021-42374,MEDIUM,5.3,NVD,3,CVSS:3.1/AV:L/AC:H/PR:L/UI:N/S:U/C:L/I:N/A:H,,NewFound,
busybox,busybox,1.31.0-1,CVE-2021-42376,MEDIUM,5.5,NVD,3,CVSS:3.1/AV:L/AC:L/PR:L/UI:N/S:U/C:N/I:N/A:H,,NewFound,
busybox,busybox,1.31.0-1,CVE-2021-42378,HIGH,7.2,NVD,3,CVSS:3.1/AV:N/AC:L/PR:H/UI:N/S:U/C:H/I:H/A:H,,NewFound,
busybox,busybox,1.31.0-1,CVE-2021-42379,HIGH,7.2,NVD,3,CVSS:3.1/AV:N/AC:L/PR:H/UI:N/S:U/C:H/I:H/A:H,,NewFound,
busybox,busybox,1.31.0-1,CVE-2021-42380,HIGH,7.2,NVD,3,CVSS:3.1/AV:N/AC:L/PR:H/UI:N/S:U/C:H/I:H/A:H,,NewFound,
busybox,busybox,1.31.0-1,CVE-2021-42381,HIGH,7.2,NVD,3,CVSS:3.1/AV:N/AC:L/PR:H/UI:N/S:U/C:H/I:H/A:H,,NewFound,
busybox,busybox,1.31.0-1,CVE-2021-42382,HIGH,7.2,NVD,3,CVSS:3.1/AV:N/AC:L/PR:H/UI:N/S:U/C:H/I:H/A:H,,NewFound,
busybox,busybox,1.31.0-1,CVE-2021-42384,HIGH,7.2,NVD,3,CVSS:3.1/AV:N/AC:L/PR:H/UI:N/S:U/C:H/I:H/A:H,,NewFound,
busybox,busybox,1.31.0-1,CVE-2021-42385,HIGH,7.2,NVD,3,CVSS:3.1/AV:N/AC:L/PR:H/UI:N/S:U/C:H/I:H/A:H,,NewFound,
busybox,busybox,1.31.0-1,CVE-2021-42386,HIGH,7.2,NVD,3,CVSS:3.1/AV:N/AC:L/PR:H/UI:N/S:U/C:H/I:H/A:H,,NewFound,
busybox,busybox,1.31.0-1,CVE-2022-28391,HIGH,8.8,NVD,3,CVSS:3.1/AV:N/AC:L/PR:N/UI:R/S:U/C:H/I:H/A:H,,NewFound,
busybox,busybox,1.31.0-1,CVE-2022-48174,CRITICAL,9.8,NVD,3,CVSS:3.1/AV:N/AC:L/PR:N/UI:N/S:U/C:H/I:H/A:H,,NewFound,
unknown,busybox,1.31.0-1,CVE-2021-28831,HIGH,7.5,NVD,3,CVSS:3.1/AV:N/AC:L/PR:N/UI:N/S:U/C:N/I:N/A:H,,NewFound,
unknown,busybox,1.31.0-1,CVE-2021-42374,MEDIUM,5.3,NVD,3,CVSS:3.1/AV:L/AC:H/PR:L/UI:N/S:U/C:L/I:N/A:H,,NewFound,
unknown,busybox,1.31.0-1,CVE-2021-42375,MEDIUM,5.5,NVD,3,CVSS:3.1/AV:L/AC:L/PR:L/UI:N/S:U/C:N/I:N/A:H,,NewFound,
unknown,busybox,1.31.0-1,CVE-2021-42378,HIGH,7.2,NVD,3,CVSS:3.1/AV:N/AC:L/PR:H/UI:N/S:U/C:H/I:H/A:H,,NewFound,
unknown,busybox,1.31.0-1,CVE-2021-42379,HIGH,7.2,NVD,3,CVSS:3.1/AV:N/AC:L/PR:H/UI:N/S:U/C:H/I:H/A:H,,NewFound,
unknown,busybox,1.31.0-1,CVE-2021-42380,HIGH,7.2,NVD,3,CVSS:3.1/AV:N/AC:L/PR:H/UI:N/S:U/C:H/I:H/A:H,,NewFound,
unknown,busybox,1.31.0-1,CVE-2021-42381,HIGH,7.2,NVD,3,CVSS:3.1/AV:N/AC:L/PR:H/UI:N/S:U/C:H/I:H/A:H,,NewFound,
unknown,busybox,1.31.0-1,CVE-2021-42382,HIGH,7.2,NVD,3,CVSS:3.1/AV:N/AC:L/PR:H/UI:N/S:U/C:H/I:H/A:H,,NewFound,
unknown,busybox,1.31.0-1,CVE-2021-42383,HIGH,7.2,NVD,3,CVSS:3.1/AV:N/AC:L/PR:H/UI:N/S:U/C:H/I:H/A:H,,NewFound,
unknown,busybox,1.31.0-1,CVE-2021-42384,HIGH,7.2,NVD,3,CVSS:3.1/AV:N/AC:L/PR:H/UI:N/S:U/C:H/I:H/A:H,,NewFound,
unknown,busybox,1.31.0-1,CVE-2021-42385,HIGH,7.2,NVD,3,CVSS:3.1/AV:N/AC:L/PR:H/UI:N/S:U/C:H/I:H/A:H,,NewFound,
unknown,busybox,1.31.0-1,CVE-2021-42386,HIGH,7.2,NVD,3,CVSS:3.1/AV:N/AC:L/PR:H/UI:N/S:U/C:H/I:H/A:H,,NewFound,
unknown,busybox,1.31.0-1,CVE-2022-28391,HIGH,8.8,NVD,3,CVSS:3.1/AV:N/AC:L/PR:N/UI:R/S:U/C:H/I:H/A:H,,NewFound,
unknown,busybox,1.31.0-1,CVE-2022-30065,HIGH,7.8,NVD,3,CVSS:3.1/AV:L/AC:L/PR:N/UI:R/S:U/C:H/I:H/A:H,,NewFound,
unknown,busybox,1.31.0-1,CVE-2022-48174,CRITICAL,9.8,NVD,3,CVSS:3.1/AV:N/AC:L/PR:N/UI:N/S:U/C:H/I:H/A:H,,NewFound,
unknown,busybox,1.31.0-1,CVE-2023-42363,MEDIUM,5.5,NVD,3,CVSS:3.1/AV:L/AC:L/PR:N/UI:R/S:U/C:N/I:N/A:H,,NewFound,
unknown,busybox,1.31.0-1,CVE-2023-42364,MEDIUM,5.5,NVD,3,CVSS:3.1/AV:L/AC:L/PR:N/UI:R/S:U/C:N/I:N/A:H,,NewFound,
unknown,busybox,1.31.0-1,CVE-2023-42365,MEDIUM,5.5,NVD,3,CVSS:3.1/AV:L/AC:L/PR:N/UI:R/S:U/C:N/I:N/A:H,,NewFound,
unknown,busybox,1.31.0-1,CVE-2023-42366,MEDIUM,5.5,NVD,3,CVSS:3.1/AV:L/AC:L/PR:N/UI:R/S:U/C:N/I:N/A:H,,NewFound,
zoom,chat,2.4.7.git-2019-10-04-2,CVE-2021-30480,HIGH,8.8,NVD,3,CVSS:3.1/AV:N/AC:L/PR:L/UI:N/S:U/C:H/I:H/A:H,,NewFound,
xen,xapi,1.0,CVE-2020-29487,HIGH,7.5,NVD,3,CVSS:3.1/AV:N/AC:L/PR:N/UI:N/S:U/C:N/I:N/A:H,,NewFound,
xen,xapi,1.0,CVE-2022-33749,MEDIUM,5.3,NVD,3,CVSS:3.1/AV:N/AC:L/PR:N/UI:N/S:U/C:N/I:N/A:L,,NewFound,
libcap_project,libcap,2.27-2,CVE-2023-2603,HIGH,7.8,NVD,3,CVSS:3.1/AV:L/AC:L/PR:L/UI:N/S:U/C:H/I:H/A:H,,NewFound,
unknown,libcap,2.27-2,CVE-2023-2602,LOW,3.3,NVD,3,CVSS:3.1/AV:L/AC:L/PR:L/UI:N/S:U/C:N/I:N/A:L,,NewFound,
unknown,libcap,2.27-2,CVE-2023-2603,HIGH,7.8,NVD,3,CVSS:3.1/AV:L/AC:L/PR:L/UI:N/S:U/C:H/I:H/A:H,,NewFound,
libexif_project,libexif,0.6.21-1,CVE-2016-6328,HIGH,8.1,NVD,3,CVSS:3.1/AV:N/AC:L/PR:N/UI:R/S:U/C:H/I:N/A:H,,NewFound,
libexif_project,libexif,0.6.21-1,CVE-2020-0093,MEDIUM,5,NVD,3,CVSS:3.1/AV:L/AC:L/PR:L/UI:R/S:U/C:H/I:N/A:N,,NewFound,
libexif_project,libexif,0.6.21-1,CVE-2020-0181,HIGH,7.5,NVD,3,CVSS:3.1/AV:N/AC:L/PR:N/UI:N/S:U/C:N/I:N/A:H,,NewFound,
libexif_project,libexif,0.6.21-1,CVE-2020-0198,HIGH,7.5,NVD,3,CVSS:3.1/AV:N/AC:L/PR:N/UI:N/S:U/C:N/I:N/A:H,,NewFound,
libexif_project,libexif,0.6.21-1,CVE-2020-13112,UNKNOWN,unknown,OSV,unknown,unknown,,NewFound,
libexif_project,libexif,0.6.21-1,CVE-2020-13113,UNKNOWN,unknown,OSV,unknown,unknown,,NewFound,
libexif_project,libexif,0.6.21-1,CVE-2020-13114,HIGH,7.5,NVD,3,CVSS:3.1/AV:N/AC:L/PR:N/UI:N/S:U/C:N/I:N/A:H,,NewFound,
unknown,libexif,0.6.21-1,USN-4277-1,UNKNOWN,unknown,OSV,unknown,unknown,,NewFound,
unknown,libexif,0.6.21-1,USN-4358-1,UNKNOWN,unknown,OSV,unknown,unknown,,NewFound,
unknown,libexif,0.6.21-1,USN-4396-1,UNKNOWN,unknown,OSV,unknown,unknown,,NewFound,
unknown,libexif,0.6.21-1,USN-4624-1,UNKNOWN,unknown,OSV,unknown,unknown,,NewFound,
jansson_project,jansson,2.12-1,CVE-2020-36325,HIGH,7.5,NVD,3,CVSS:3.1/AV:N/AC:L/PR:N/UI:N/S:U/C:N/I:N/A:H,,NewFound,
xmlsoft,libxml2,2.9.9-2,CVE-2016-3709,MEDIUM,6.1,NVD,3,CVSS:3.1/AV:N/AC:L/PR:N/UI:R/S:C/C:L/I:L/A:N,,NewFound,
xmlsoft,libxml2,2.9.9-2,CVE-2019-19956,HIGH,7.5,NVD,3,CVSS:3.1/AV:N/AC:L/PR:N/UI:N/S:U/C:N/I:N/A:H,,NewFound,
xmlsoft,libxml2,2.9.9-2,CVE-2021-3517,HIGH,8.6,GAD,3,CVSS:3.1/AV:N/AC:L/PR:N/UI:N/S:U/C:L/I:L/A:H,,NewFound,
xmlsoft,libxml2,2.9.9-2,CVE-2021-3518,HIGH,8.8,OSV,3,CVSS:3.1/AV:N/AC:L/PR:N/UI:R/S:U/C:H/I:H/A:H,,NewFound,
xmlsoft,libxml2,2.9.9-2,CVE-2021-3537,MEDIUM,5.9,OSV,3,CVSS:3.1/AV:N/AC:H/PR:N/UI:N/S:U/C:N/I:N/A:H,,NewFound,
xmlsoft,libxml2,2.9.9-2,CVE-2021-3541,MEDIUM,6.5,NVD,3,CVSS:3.1/AV:N/AC:L/PR:L/UI:N/S:U/C:N/I:N/A:H,,NewFound,
xmlsoft,libxml2,2.9.9-2,CVE-2022-23308,HIGH,7.5,GAD,3,CVSS:3.1/AV:N/AC:L/PR:N/UI:N/S:U/C:N/I:N/A:H,,NewFound,
xmlsoft,libxml2,2.9.9-2,CVE-2022-29824,MEDIUM,6.5,NVD,3,CVSS:3.1/AV:N/AC:L/PR:N/UI:R/S:U/C:N/I:N/A:H,,NewFound,
xmlsoft,libxml2,2.9.9-2,CVE-2022-40303,HIGH,7.5,GAD,3,CVSS:3.1/AV:N/AC:L/PR:N/UI:N/S:U/C:N/I:N/A:H,,NewFound,
xmlsoft,libxml2,2.9.9-2,CVE-2022-40304,HIGH,7.8,GAD,3,CVSS:3.1/AV:L/AC:L/PR:N/UI:R/S:U/C:H/I:H/A:H,,NewFound,
xmlsoft,libxml2,2.9.9-2,CVE-2023-28484,MEDIUM,6.5,NVD,3,CVSS:3.1/AV:N/AC:L/PR:N/UI:R/S:U/C:N/I:N/A:H,,NewFound,
xmlsoft,libxml2,2.9.9-2,CVE-2023-29469,MEDIUM,6.5,NVD,3,CVSS:3.1/AV:N/AC:L/PR:N/UI:R/S:U/C:N/I:N/A:H,,NewFound,
xmlsoft,libxml2,2.9.9-2,CVE-2023-45322,MEDIUM,6.5,NVD,3,CVSS:3.1/AV:N/AC:L/PR:N/UI:R/S:U/C:N/I:N/A:H,,NewFound,
xmlsoft,libxml2,2.9.9-2,CVE-2024-25062,HIGH,7.5,NVD,3,CVSS:3.1/AV:N/AC:L/PR:N/UI:N/S:U/C:N/I:N/A:H,,NewFound,
unknown,libxml2,2.9.9-2,USN-4991-1,UNKNOWN,unknown,OSV,unknown,unknown,,NewFound,
unknown,libxml2,2.9.9-2,USN-5324-1,UNKNOWN,unknown,OSV,unknown,unknown,,NewFound,
unknown,libxml2,2.9.9-2,USN-5422-1,UNKNOWN,unknown,OSV,unknown,unknown,,NewFound,
unknown,libxml2,2.9.9-2,USN-5548-1,UNKNOWN,unknown,OSV,unknown,unknown,,NewFound,
unknown,libxml2,2.9.9-2,USN-5760-1,UNKNOWN,unknown,OSV,unknown,unknown,,NewFound,
unknown,libxml2,2.9.9-2,USN-6028-1,UNKNOWN,unknown,OSV,unknown,unknown,,NewFound,
unknown,libxml2,2.9.9-2,USN-6658-1,UNKNOWN,unknown,OSV,unknown,unknown,,NewFound,
apple,cups,2.2.10-1,CVE-2008-1033,LOW,2.1,NVD,2,AV:N/AC:H/Au:S/C:P/I:N/A:N,,NewFound,
apple,cups,2.2.10-1,CVE-2009-0032,MEDIUM,6.9,NVD,2,AV:L/AC:M/Au:N/C:C/I:C/A:C,,NewFound,
apple,cups,2.2.10-1,CVE-2022-26691,MEDIUM,6.7,NVD,3,CVSS:3.1/AV:L/AC:L/PR:H/UI:N/S:U/C:H/I:H/A:H,,NewFound,
unknown,cups,2.2.10-1,CVE-2022-26691,MEDIUM,6.7,NVD,3,CVSS:3.1/AV:L/AC:L/PR:H/UI:N/S:U/C:H/I:H/A:H,,NewFound,
unknown,cups,2.2.10-1,CVE-2023-32324,MEDIUM,5.5,NVD,3,CVSS:3.1/AV:L/AC:L/PR:N/UI:R/S:U/C:N/I:N/A:H,,NewFound,
unknown,cups,2.2.10-1,CVE-2023-34241,HIGH,7.1,NVD,3,CVSS:3.1/AV:L/AC:L/PR:L/UI:N/S:U/C:H/I:N/A:H,,NewFound,
unknown,cups,2.2.10-1,CVE-2023-4504,HIGH,7,NVD,3,CVSS:3.1/AV:L/AC:H/PR:N/UI:R/S:U/C:H/I:H/A:H,,NewFound,
unknown,cups,2.2.10-1,CVE-2024-35235,UNKNOWN,unknown,NVD,unknown,unknown,,NewFound,
unknown,cups,2.2.10-1,CVE-2024-47076,UNKNOWN,unknown,NVD,unknown,unknown,,NewFound,
suse,cups,2.2.10-1,CVE-2021-25317,LOW,3.3,NVD,3,CVSS:3.1/AV:L/AC:L/PR:L/UI:N/S:U/C:N/I:L/A:N,,NewFound,
openprinting,cups,2.2.10-1,CVE-2022-26691,MEDIUM,6.7,NVD,3,CVSS:3.1/AV:L/AC:L/PR:H/UI:N/S:U/C:H/I:H/A:H,,NewFound,
openprinting,cups,2.2.10-1,CVE-2023-32324,MEDIUM,5.5,NVD,3,CVSS:3.1/AV:L/AC:L/PR:N/UI:R/S:U/C:N/I:N/A:H,,NewFound,
openprinting,cups,2.2.10-1,CVE-2023-34241,HIGH,7.1,NVD,3,CVSS:3.1/AV:L/AC:L/PR:L/UI:N/S:U/C:H/I:N/A:H,,NewFound,
openprinting,cups,2.2.10-1,CVE-2023-4504,HIGH,7,NVD,3,CVSS:3.1/AV:L/AC:H/PR:N/UI:R/S:U/C:H/I:H/A:H,,NewFound,
tcpdump,tcpdump,4.9.3-1,CVE-2018-16301,HIGH,7.8,NVD,3,CVSS:3.1/AV:L/AC:L/PR:N/UI:R/S:U/C:H/I:H/A:H,,NewFound,
ipip_project,ipip,1-3,GMS-2016-127,UNKNOWN,unknown,GAD,unknown,unknown,,NewFound,
lua,lua,5.1.5-7,CVE-2021-43519,MEDIUM,5.5,NVD,3,CVSS:3.1/AV:L/AC:L/PR:N/UI:R/S:U/C:N/I:N/A:H,,NewFound,
unknown,lua,5.1.5-7,CVE-2021-43519,MEDIUM,5.5,NVD,3,CVSS:3.1/AV:L/AC:L/PR:N/UI:R/S:U/C:N/I:N/A:H,,NewFound,
flock,flock,2.34-1,CVE-2010-3262,MEDIUM,4.3,NVD,2,AV:N/AC:M/Au:N/C:N/I:P/A:N,,NewFound,
unknown,dropbear,2019.78-2,CVE-2023-48795,MEDIUM,5.9,OSV,3,CVSS:3.1/AV:N/AC:H/PR:N/UI:N/S:U/C:N/I:H/A:N,,NewFound,
haxx,curl,7.69.1-1,CVE-2020-8169,UNKNOWN,unknown,OSV,unknown,unknown,,NewFound,
haxx,curl,7.69.1-1,CVE-2020-8177,UNKNOWN,unknown,OSV,unknown,unknown,,NewFound,
haxx,curl,7.69.1-1,CVE-2020-8231,UNKNOWN,unknown,OSV,unknown,unknown,,NewFound,
haxx,curl,7.69.1-1,CVE-2020-8284,UNKNOWN,unknown,OSV,unknown,unknown,,NewFound,
haxx,curl,7.69.1-1,CVE-2020-8285,UNKNOWN,unknown,OSV,unknown,unknown,,NewFound,
haxx,curl,7.69.1-1,CVE-2020-8286,UNKNOWN,unknown,OSV,unknown,unknown,,NewFound,
haxx,curl,7.69.1-1,CVE-2021-22876,UNKNOWN,unknown,OSV,unknown,unknown,,NewFound,
haxx,curl,7.69.1-1,CVE-2021-22890,UNKNOWN,unknown,OSV,unknown,unknown,,NewFound,
haxx,curl,7.69.1-1,CVE-2021-22897,UNKNOWN,unknown,OSV,unknown,unknown,,NewFound,
haxx,curl,7.69.1-1,CVE-2021-22898,LOW,3.1,NVD,3,CVSS:3.1/AV:N/AC:H/PR:N/UI:R/S:U/C:L/I:N/A:N,,NewFound,
haxx,curl,7.69.1-1,CVE-2021-22922,UNKNOWN,unknown,OSV,unknown,unknown,,NewFound,
haxx,curl,7.69.1-1,CVE-2021-22923,UNKNOWN,unknown,OSV,unknown,unknown,,NewFound,
haxx,curl,7.69.1-1,CVE-2021-22924,UNKNOWN,unknown,OSV,unknown,unknown,,NewFound,
haxx,curl,7.69.1-1,CVE-2021-22925,MEDIUM,5.3,NVD,3,CVSS:3.1/AV:N/AC:L/PR:N/UI:N/S:U/C:L/I:N/A:N,,NewFound,
haxx,curl,7.69.1-1,CVE-2021-22926,UNKNOWN,unknown,OSV,unknown,unknown,,NewFound,
haxx,curl,7.69.1-1,CVE-2021-22946,UNKNOWN,unknown,OSV,unknown,unknown,,NewFound,
haxx,curl,7.69.1-1,CVE-2021-22947,MEDIUM,5.9,NVD,3,CVSS:3.1/AV:N/AC:H/PR:N/UI:N/S:U/C:N/I:H/A:N,,NewFound,
haxx,curl,7.69.1-1,CVE-2022-22576,UNKNOWN,unknown,OSV,unknown,unknown,,NewFound,
haxx,curl,7.69.1-1,CVE-2022-27774,MEDIUM,5.7,NVD,3,CVSS:3.1/AV:N/AC:L/PR:L/UI:R/S:U/C:H/I:N/A:N,,NewFound,
haxx,curl,7.69.1-1,CVE-2022-27775,UNKNOWN,unknown,OSV,unknown,unknown,,NewFound,
haxx,curl,7.69.1-1,CVE-2022-27776,UNKNOWN,unknown,OSV,unknown,unknown,,NewFound,
haxx,curl,7.69.1-1,CVE-2022-27781,HIGH,7.5,NVD,3,CVSS:3.1/AV:N/AC:L/PR:N/UI:N/S:U/C:N/I:N/A:H,,NewFound,
haxx,curl,7.69.1-1,CVE-2022-27782,HIGH,7.5,NVD,3,CVSS:3.1/AV:N/AC:L/PR:N/UI:N/S:U/C:N/I:H/A:N,,NewFound,
haxx,curl,7.69.1-1,CVE-2022-32206,MEDIUM,6.5,NVD,3,CVSS:3.1/AV:N/AC:L/PR:N/UI:R/S:U/C:N/I:N/A:H,,NewFound,
haxx,curl,7.69.1-1,CVE-2022-32207,UNKNOWN,unknown,OSV,unknown,unknown,,NewFound,
haxx,curl,7.69.1-1,CVE-2022-32208,MEDIUM,5.9,NVD,3,CVSS:3.1/AV:N/AC:H/PR:N/UI:N/S:U/C:H/I:N/A:N,,NewFound,
haxx,curl,7.69.1-1,CVE-2022-32221,CRITICAL,9.8,NVD,3,CVSS:3.1/AV:N/AC:L/PR:N/UI:N/S:U/C:H/I:H/A:H,,NewFound,
haxx,curl,7.69.1-1,CVE-2022-35252,LOW,3.7,NVD,3,CVSS:3.1/AV:N/AC:H/PR:N/UI:N/S:U/C:N/I:N/A:L,,NewFound,
haxx,curl,7.69.1-1,CVE-2022-43552,MEDIUM,5.9,NVD,3,CVSS:3.1/AV:N/AC:H/PR:N/UI:N/S:U/C:N/I:N/A:H,,NewFound,
haxx,curl,7.69.1-1,CVE-2023-23916,MEDIUM,6.5,NVD,3,CVSS:3.1/AV:N/AC:L/PR:N/UI:R/S:U/C:N/I:N/A:H,,NewFound,
haxx,curl,7.69.1-1,CVE-2023-27533,UNKNOWN,unknown,OSV,unknown,unknown,,NewFound,
haxx,curl,7.69.1-1,CVE-2023-27534,HIGH,8.8,NVD,3,CVSS:3.1/AV:N/AC:L/PR:L/UI:N/S:U/C:H/I:H/A:H,,NewFound,
haxx,curl,7.69.1-1,CVE-2023-27535,MEDIUM,5.9,NVD,3,CVSS:3.1/AV:N/AC:H/PR:N/UI:N/S:U/C:H/I:N/A:N,,NewFound,
haxx,curl,7.69.1-1,CVE-2023-27536,MEDIUM,5.9,NVD,3,CVSS:3.1/AV:N/AC:H/PR:N/UI:N/S:U/C:H/I:N/A:N,,NewFound,
haxx,curl,7.69.1-1,CVE-2023-27538,UNKNOWN,unknown,OSV,unknown,unknown,,NewFound,
haxx,curl,7.69.1-1,CVE-2023-28319,UNKNOWN,unknown,OSV,unknown,unknown,,NewFound,
haxx,curl,7.69.1-1,CVE-2023-28320,UNKNOWN,unknown,OSV,unknown,unknown,,NewFound,
haxx,curl,7.69.1-1,CVE-2023-28321,UNKNOWN,unknown,OSV,unknown,unknown,,NewFound,
haxx,curl,7.69.1-1,CVE-2023-28322,UNKNOWN,unknown,OSV,unknown,unknown,,NewFound,
haxx,curl,7.69.1-1,CVE-2023-38545,CRITICAL,9.8,NVD,3,CVSS:3.1/AV:N/AC:L/PR:N/UI:N/S:U/C:H/I:H/A:H,,NewFound,
haxx,curl,7.69.1-1,CVE-2023-38546,LOW,3.7,NVD,3,CVSS:3.1/AV:N/AC:H/PR:N/UI:N/S:U/C:N/I:L/A:N,,NewFound,
haxx,curl,7.69.1-1,CVE-2023-46218,MEDIUM,6.5,NVD,3,CVSS:3.1/AV:N/AC:L/PR:N/UI:N/S:U/C:L/I:L/A:N,,NewFound,
haxx,curl,7.69.1-1,CVE-2024-2398,UNKNOWN,unknown,NVD,unknown,unknown,,NewFound,
haxx,curl,7.69.1-1,CVE-2024-7264,MEDIUM,6.5,NVD,3,CVSS:3.1/AV:N/AC:L/PR:N/UI:R/S:U/C:N/I:N/A:H,,NewFound,
haxx,curl,7.69.1-1,CVE-2024-8096,UNKNOWN,unknown,NVD,unknown,unknown,,NewFound,
async_project,async,1.0,CVE-2021-43138,HIGH,7.8,NVD,3,CVSS:3.1/AV:L/AC:L/PR:N/UI:R/S:U/C:H/I:H/A:H,,NewFound,
sudo_project,sudo,1.8.27-1,CVE-2019-14287,HIGH,8.8,NVD,3,CVSS:3.1/AV:N/AC:L/PR:L/UI:N/S:U/C:H/I:H/A:H,,NewFound,
sudo_project,sudo,1.8.27-1,CVE-2019-18684,HIGH,7,NVD,3,CVSS:3.1/AV:L/AC:H/PR:L/UI:N/S:U/C:H/I:H/A:H,,NewFound,
sudo_project,sudo,1.8.27-1,CVE-2021-23239,LOW,2.5,NVD,3,CVSS:3.1/AV:L/AC:H/PR:L/UI:N/S:U/C:L/I:N/A:N,,NewFound,
sudo_project,sudo,1.8.27-1,CVE-2021-23240,HIGH,7.8,NVD,3,CVSS:3.1/AV:L/AC:L/PR:L/UI:N/S:U/C:H/I:H/A:H,,NewFound,
sudo_project,sudo,1.8.27-1,CVE-2021-3156,HIGH,7.8,NVD,3,CVSS:3.1/AV:L/AC:L/PR:L/UI:N/S:U/C:H/I:H/A:H,,NewFound,
sudo_project,sudo,1.8.27-1,CVE-2022-43995,HIGH,7.1,NVD,3,CVSS:3.1/AV:L/AC:L/PR:L/UI:N/S:U/C:H/I:N/A:H,,NewFound,
sudo_project,sudo,1.8.27-1,CVE-2023-22809,HIGH,7.8,NVD,3,CVSS:3.1/AV:L/AC:L/PR:L/UI:N/S:U/C:H/I:H/A:H,,NewFound,
sudo_project,sudo,1.8.27-1,CVE-2023-28486,MEDIUM,5.3,NVD,3,CVSS:3.1/AV:N/AC:L/PR:N/UI:N/S:U/C:L/I:N/A:N,,NewFound,
sudo_project,sudo,1.8.27-1,CVE-2023-28487,MEDIUM,5.3,NVD,3,CVSS:3.1/AV:N/AC:L/PR:N/UI:N/S:U/C:L/I:N/A:N,,NewFound,
sudo_project,sudo,1.8.27-1,CVE-2023-42465,HIGH,7,NVD,3,CVSS:3.1/AV:L/AC:H/PR:L/UI:N/S:U/C:H/I:H/A:H,,NewFound,
sudo_project,sudo,1.8.27-1,CVE-2023-7090,HIGH,8.8,NVD,3,CVSS:3.1/AV:N/AC:L/PR:L/UI:N/S:U/C:H/I:H/A:H,,NewFound,
unknown,sudo,1.8.27-1,CVE-2021-23239,LOW,2.5,NVD,3,CVSS:3.1/AV:L/AC:H/PR:L/UI:N/S:U/C:L/I:N/A:N,,NewFound,
unknown,sudo,1.8.27-1,CVE-2021-23240,HIGH,7.8,NVD,3,CVSS:3.1/AV:L/AC:L/PR:L/UI:N/S:U/C:H/I:H/A:H,,NewFound,
unknown,sudo,1.8.27-1,CVE-2021-3156,HIGH,7.8,NVD,3,CVSS:3.1/AV:L/AC:L/PR:L/UI:N/S:U/C:H/I:H/A:H,,NewFound,
unknown,sudo,1.8.27-1,CVE-2022-43995,HIGH,7.1,NVD,3,CVSS:3.1/AV:L/AC:L/PR:L/UI:N/S:U/C:H/I:N/A:H,,NewFound,
unknown,sudo,1.8.27-1,CVE-2023-22809,HIGH,7.8,NVD,3,CVSS:3.1/AV:L/AC:L/PR:L/UI:N/S:U/C:H/I:H/A:H,,NewFound,
unknown,sudo,1.8.27-1,DLA-3181-1,UNKNOWN,unknown,OSV,unknown,unknown,,NewFound,
unknown,sudo,1.8.27-1,DLA-3272-1,UNKNOWN,unknown,OSV,unknown,unknown,,NewFound,
unknown,sudo,1.8.27-1,DLA-3732-1,UNKNOWN,unknown,OSV,unknown,unknown,,NewFound,
unknown,sudo,1.8.27-1,DSA-4543-1,UNKNOWN,unknown,OSV,unknown,unknown,,NewFound,
unknown,sudo,1.8.27-1,DSA-4839-1,UNKNOWN,unknown,OSV,unknown,unknown,,NewFound,
sudo,sudo,1.8.27-1,CVE-2019-19232,HIGH,7.5,NVD,3,CVSS:3.1/AV:N/AC:L/PR:N/UI:N/S:U/C:N/I:H/A:N,,NewFound,
sudo,sudo,1.8.27-1,CVE-2019-19234,HIGH,7.5,NVD,3,CVSS:3.1/AV:N/AC:L/PR:N/UI:N/S:U/C:N/I:H/A:N,,NewFound,
linuxcontainers,lxc,2.1.1-4,CVE-2019-5736,HIGH,8.6,NVD,3,CVSS:3.1/AV:L/AC:L/PR:N/UI:R/S:C/C:H/I:H/A:H,,NewFound,
linuxcontainers,lxc,2.1.1-4,CVE-2022-47952,LOW,3.3,NVD,3,CVSS:3.1/AV:L/AC:L/PR:L/UI:N/S:U/C:L/I:N/A:N,,NewFound,
unknown,lxc,2.1.1-4,CVE-2019-5736,HIGH,8.6,NVD,3,CVSS:3.1/AV:L/AC:L/PR:N/UI:R/S:C/C:H/I:H/A:H,,NewFound,
unknown,lxc,2.1.1-4,CVE-2022-47952,LOW,3.3,NVD,3,CVSS:3.1/AV:L/AC:L/PR:L/UI:N/S:U/C:L/I:N/A:N,,NewFound,
unknown,lxc,2.1.1-4,USN-3730-1,UNKNOWN,unknown,OSV,unknown,unknown,,NewFound,
samba,ppp,2.4.7.git-2019-10-04-2,CVE-2022-4603,MEDIUM,6.5,NVD,3,CVSS:3.1/AV:N/AC:L/PR:N/UI:R/S:U/C:N/I:N/A:H,,NewFound,
unknown,ppp,2.4.7.git-2019-10-04-2,CVE-2020-8597,CRITICAL,9.8,NVD,3,CVSS:3.1/AV:N/AC:L/PR:N/UI:N/S:U/C:H/I:H/A:H,,NewFound,
unknown,ppp,2.4.7.git-2019-10-04-2,CVE-2022-4603,MEDIUM,6.5,NVD,3,CVSS:3.1/AV:N/AC:L/PR:N/UI:R/S:U/C:N/I:N/A:H,,NewFound,
unknown,ppp,2.4.7.git-2019-10-04-2,USN-3810-1,UNKNOWN,unknown,OSV,unknown,unknown,,NewFound,
unknown,ppp,2.4.7.git-2019-10-04-2,USN-4288-1,UNKNOWN,unknown,OSV,unknown,unknown,,NewFound,
unknown,ppp,2.4.7.git-2019-10-04-2,USN-4451-1,UNKNOWN,unknown,OSV,unknown,unknown,,NewFound,
canonical,ppp,2.4.7.git-2019-10-04-2,CVE-2020-15704,MEDIUM,5.5,NVD,3,CVSS:3.1/AV:L/AC:L/PR:L/UI:N/S:U/C:H/I:N/A:N,,NewFound,
adobe,bridge,1.6-3,CVE-2015-3110,HIGH,10,NVD,2,AV:N/AC:L/Au:N/C:C/I:C/A:C,,NewFound,
adobe,bridge,1.6-3,CVE-2015-3111,HIGH,10,NVD,2,AV:N/AC:L/Au:N/C:C/I:C/A:C,,NewFound,
adobe,bridge,1.6-3,CVE-2015-3112,HIGH,10,NVD,2,AV:N/AC:L/Au:N/C:C/I:C/A:C,,NewFound,
adobe,bridge,1.6-3,CVE-2020-9553,LOW,3.3,NVD,3,CVSS:3.1/AV:L/AC:L/PR:N/UI:R/S:U/C:L/I:N/A:N,,NewFound,
adobe,bridge,1.6-3,CVE-2020-9554,HIGH,7.8,NVD,3,CVSS:3.1/AV:L/AC:L/PR:N/UI:R/S:U/C:H/I:H/A:H,,NewFound,
adobe,bridge,1.6-3,CVE-2020-9555,HIGH,7.8,NVD,3,CVSS:3.1/AV:L/AC:L/PR:N/UI:R/S:U/C:H/I:H/A:H,,NewFound,
adobe,bridge,1.6-3,CVE-2020-9556,HIGH,7.8,NVD,3,CVSS:3.1/AV:L/AC:L/PR:N/UI:R/S:U/C:H/I:H/A:H,,NewFound,
adobe,bridge,1.6-3,CVE-2020-9557,MEDIUM,5.5,NVD,3,CVSS:3.1/AV:L/AC:L/PR:N/UI:R/S:U/C:H/I:N/A:N,,NewFound,
adobe,bridge,1.6-3,CVE-2020-9558,LOW,3.3,NVD,3,CVSS:3.1/AV:L/AC:L/PR:N/UI:R/S:U/C:L/I:N/A:N,,NewFound,
adobe,bridge,1.6-3,CVE-2020-9559,HIGH,7.8,NVD,3,CVSS:3.1/AV:L/AC:L/PR:N/UI:R/S:U/C:H/I:H/A:H,,NewFound,
adobe,bridge,1.6-3,CVE-2020-9560,HIGH,7.8,NVD,3,CVSS:3.1/AV:L/AC:L/PR:N/UI:R/S:U/C:H/I:H/A:H,,NewFound,
adobe,bridge,1.6-3,CVE-2020-9561,HIGH,7.8,NVD,3,CVSS:3.1/AV:L/AC:L/PR:N/UI:R/S:U/C:H/I:H/A:H,,NewFound,
adobe,bridge,1.6-3,CVE-2020-9562,HIGH,7.8,NVD,3,CVSS:3.1/AV:L/AC:L/PR:N/UI:R/S:U/C:H/I:H/A:H,,NewFound,
adobe,bridge,1.6-3,CVE-2020-9563,HIGH,7.8,NVD,3,CVSS:3.1/AV:L/AC:L/PR:N/UI:R/S:U/C:H/I:H/A:H,,NewFound,
adobe,bridge,1.6-3,CVE-2020-9564,HIGH,7.8,NVD,3,CVSS:3.1/AV:L/AC:L/PR:N/UI:R/S:U/C:H/I:H/A:H,,NewFound,
adobe,bridge,1.6-3,CVE-2020-9565,HIGH,7.8,NVD,3,CVSS:3.1/AV:L/AC:L/PR:N/UI:R/S:U/C:H/I:H/A:H,,NewFound,
adobe,bridge,1.6-3,CVE-2020-9566,HIGH,7.8,NVD,3,CVSS:3.1/AV:L/AC:L/PR:N/UI:R/S:U/C:H/I:H/A:H,,NewFound,
adobe,bridge,1.6-3,CVE-2020-9567,HIGH,7.8,NVD,3,CVSS:3.1/AV:L/AC:L/PR:N/UI:R/S:U/C:H/I:H/A:H,,NewFound,
adobe,bridge,1.6-3,CVE-2020-9568,HIGH,7.8,NVD,3,CVSS:3.1/AV:L/AC:L/PR:N/UI:R/S:U/C:H/I:H/A:H,,NewFound,
adobe,bridge,1.6-3,CVE-2020-9569,HIGH,7.8,NVD,3,CVSS:3.1/AV:L/AC:L/PR:N/UI:R/S:U/C:H/I:H/A:H,,NewFound,
adobe,bridge,1.6-3,CVE-2020-9674,HIGH,7.8,NVD,3,CVSS:3.1/AV:L/AC:L/PR:N/UI:R/S:U/C:H/I:H/A:H,,NewFound,
adobe,bridge,1.6-3,CVE-2020-9675,HIGH,7.8,NVD,3,CVSS:3.1/AV:L/AC:L/PR:N/UI:R/S:U/C:H/I:H/A:H,,NewFound,
adobe,bridge,1.6-3,CVE-2020-9676,HIGH,7.8,NVD,3,CVSS:3.1/AV:L/AC:L/PR:N/UI:R/S:U/C:H/I:H/A:H,,NewFound,
adobe,bridge,1.6-3,CVE-2021-21065,MEDIUM,6.8,NVD,2,AV:N/AC:M/Au:N/C:P/I:P/A:P,,NewFound,
adobe,bridge,1.6-3,CVE-2021-21066,HIGH,7.8,NVD,3,CVSS:3.1/AV:L/AC:L/PR:N/UI:R/S:U/C:H/I:H/A:H,,NewFound,
adobe,bridge,1.6-3,CVE-2021-28624,HIGH,7.8,NVD,3,CVSS:3.1/AV:L/AC:L/PR:N/UI:R/S:U/C:H/I:H/A:H,,NewFound,
adobe,bridge,1.6-3,CVE-2021-35989,HIGH,7.8,NVD,3,CVSS:3.1/AV:L/AC:L/PR:N/UI:R/S:U/C:H/I:H/A:H,,NewFound,
adobe,bridge,1.6-3,CVE-2021-35990,HIGH,7.8,NVD,3,CVSS:3.1/AV:L/AC:L/PR:N/UI:R/S:U/C:H/I:H/A:H,,NewFound,
adobe,bridge,1.6-3,CVE-2021-35991,LOW,3.3,NVD,3,CVSS:3.1/AV:L/AC:L/PR:N/UI:R/S:U/C:L/I:N/A:N,,NewFound,
adobe,bridge,1.6-3,CVE-2021-35992,LOW,3.3,NVD,3,CVSS:3.1/AV:L/AC:L/PR:N/UI:R/S:U/C:L/I:N/A:N,,NewFound,
adobe,bridge,1.6-3,CVE-2021-36049,HIGH,7.8,NVD,3,CVSS:3.1/AV:L/AC:L/PR:N/UI:R/S:U/C:H/I:H/A:H,,NewFound,
adobe,bridge,1.6-3,CVE-2021-36059,HIGH,7.8,NVD,3,CVSS:3.1/AV:L/AC:L/PR:N/UI:R/S:U/C:H/I:H/A:H,,NewFound,
adobe,bridge,1.6-3,CVE-2021-36067,HIGH,7.8,NVD,3,CVSS:3.1/AV:L/AC:L/PR:N/UI:R/S:U/C:H/I:H/A:H,,NewFound,
adobe,bridge,1.6-3,CVE-2021-36068,HIGH,7.8,NVD,3,CVSS:3.1/AV:L/AC:L/PR:N/UI:R/S:U/C:H/I:H/A:H,,NewFound,
adobe,bridge,1.6-3,CVE-2021-36069,HIGH,7.8,NVD,3,CVSS:3.1/AV:L/AC:L/PR:N/UI:R/S:U/C:H/I:H/A:H,,NewFound,
adobe,bridge,1.6-3,CVE-2021-36071,LOW,3.3,NVD,3,CVSS:3.1/AV:L/AC:L/PR:N/UI:R/S:U/C:L/I:N/A:N,,NewFound,
adobe,bridge,1.6-3,CVE-2021-36072,HIGH,7.8,NVD,3,CVSS:3.1/AV:L/AC:L/PR:N/UI:R/S:U/C:H/I:H/A:H,,NewFound,
adobe,bridge,1.6-3,CVE-2021-36073,HIGH,7.8,NVD,3,CVSS:3.1/AV:L/AC:L/PR:N/UI:R/S:U/C:H/I:H/A:H,,NewFound,
adobe,bridge,1.6-3,CVE-2021-36074,LOW,3.3,NVD,3,CVSS:3.1/AV:L/AC:L/PR:N/UI:R/S:U/C:L/I:N/A:N,,NewFound,
adobe,bridge,1.6-3,CVE-2021-36075,HIGH,7.8,NVD,3,CVSS:3.1/AV:L/AC:L/PR:N/UI:R/S:U/C:H/I:H/A:H,,NewFound,
adobe,bridge,1.6-3,CVE-2021-36076,HIGH,7.8,NVD,3,CVSS:3.1/AV:L/AC:L/PR:N/UI:R/S:U/C:H/I:H/A:H,,NewFound,
adobe,bridge,1.6-3,CVE-2021-36077,MEDIUM,5.5,NVD,3,CVSS:3.1/AV:L/AC:L/PR:N/UI:R/S:U/C:N/I:N/A:H,,NewFound,
adobe,bridge,1.6-3,CVE-2021-36078,HIGH,7.8,NVD,3,CVSS:3.1/AV:L/AC:L/PR:N/UI:R/S:U/C:H/I:H/A:H,,NewFound,
adobe,bridge,1.6-3,CVE-2021-36079,HIGH,7.8,NVD,3,CVSS:3.1/AV:L/AC:L/PR:N/UI:R/S:U/C:H/I:H/A:H,,NewFound,
adobe,bridge,1.6-3,CVE-2021-39816,HIGH,7.8,NVD,3,CVSS:3.1/AV:L/AC:L/PR:N/UI:R/S:U/C:H/I:H/A:H,,NewFound,
adobe,bridge,1.6-3,CVE-2021-39817,HIGH,7.8,NVD,3,CVSS:3.1/AV:L/AC:L/PR:N/UI:R/S:U/C:H/I:H/A:H,,NewFound,
adobe,bridge,1.6-3,CVE-2021-40750,MEDIUM,5.5,NVD,3,CVSS:3.1/AV:L/AC:L/PR:N/UI:R/S:U/C:N/I:N/A:H,,NewFound,
adobe,bridge,1.6-3,CVE-2021-42533,MEDIUM,6.8,NVD,2,AV:N/AC:M/Au:N/C:P/I:P/A:P,,NewFound,
adobe,bridge,1.6-3,CVE-2021-42719,HIGH,7.8,NVD,3,CVSS:3.1/AV:L/AC:L/PR:N/UI:R/S:U/C:H/I:H/A:H,,NewFound,
adobe,bridge,1.6-3,CVE-2021-42720,HIGH,7.8,NVD,3,CVSS:3.1/AV:L/AC:L/PR:N/UI:R/S:U/C:H/I:H/A:H,,NewFound,
adobe,bridge,1.6-3,CVE-2021-42722,HIGH,7.8,NVD,3,CVSS:3.1/AV:L/AC:L/PR:N/UI:R/S:U/C:H/I:H/A:H,,NewFound,
adobe,bridge,1.6-3,CVE-2021-42724,HIGH,7.8,NVD,3,CVSS:3.1/AV:L/AC:L/PR:N/UI:R/S:U/C:H/I:H/A:H,,NewFound,
adobe,bridge,1.6-3,CVE-2021-42725,HIGH,7.8,NVD,3,CVSS:3.1/AV:L/AC:L/PR:N/UI:R/S:U/C:H/I:H/A:H,,NewFound,
adobe,bridge,1.6-3,CVE-2021-42728,HIGH,7.8,NVD,3,CVSS:3.1/AV:L/AC:L/PR:N/UI:R/S:U/C:H/I:H/A:H,,NewFound,
adobe,bridge,1.6-3,CVE-2021-42729,HIGH,7.8,NVD,3,CVSS:3.1/AV:L/AC:L/PR:N/UI:R/S:U/C:H/I:H/A:H,,NewFound,
adobe,bridge,1.6-3,CVE-2021-42730,HIGH,7.8,NVD,3,CVSS:3.1/AV:L/AC:L/PR:N/UI:R/S:U/C:H/I:H/A:H,,NewFound,
adobe,bridge,1.6-3,CVE-2021-42733,MEDIUM,5.5,NVD,3,CVSS:3.1/AV:L/AC:L/PR:N/UI:R/S:U/C:N/I:N/A:H,,NewFound,
adobe,bridge,1.6-3,CVE-2021-44185,LOW,3.3,NVD,3,CVSS:3.1/AV:L/AC:L/PR:N/UI:R/S:U/C:L/I:N/A:N,,NewFound,
adobe,bridge,1.6-3,CVE-2021-44186,LOW,3.3,NVD,3,CVSS:3.1/AV:L/AC:L/PR:N/UI:R/S:U/C:L/I:N/A:N,,NewFound,
adobe,bridge,1.6-3,CVE-2021-44187,LOW,3.3,NVD,3,CVSS:3.1/AV:L/AC:L/PR:N/UI:R/S:U/C:L/I:N/A:N,,NewFound,
adobe,bridge,1.6-3,CVE-2021-44743,HIGH,7.8,NVD,3,CVSS:3.1/AV:L/AC:L/PR:N/UI:R/S:U/C:H/I:H/A:H,,NewFound,
adobe,bridge,1.6-3,CVE-2021-45051,MEDIUM,5.5,NVD,3,CVSS:3.1/AV:L/AC:L/PR:N/UI:R/S:U/C:H/I:N/A:N,,NewFound,
adobe,bridge,1.6-3,CVE-2021-45052,MEDIUM,5.5,NVD,3,CVSS:3.1/AV:L/AC:L/PR:N/UI:R/S:U/C:H/I:N/A:N,,NewFound,
adobe,bridge,1.6-3,CVE-2022-28839,HIGH,9.3,NVD,2,AV:N/AC:M/Au:N/C:C/I:C/A:C,,NewFound,
adobe,bridge,1.6-3,CVE-2022-28840,HIGH,9.3,NVD,2,AV:N/AC:M/Au:N/C:C/I:C/A:C,,NewFound,
adobe,bridge,1.6-3,CVE-2022-28841,HIGH,9.3,NVD,2,AV:N/AC:M/Au:N/C:C/I:C/A:C,,NewFound,
adobe,bridge,1.6-3,CVE-2022-28842,HIGH,9.3,NVD,2,AV:N/AC:M/Au:N/C:C/I:C/A:C,,NewFound,
adobe,bridge,1.6-3,CVE-2022-28843,HIGH,9.3,NVD,2,AV:N/AC:M/Au:N/C:C/I:C/A:C,,NewFound,
adobe,bridge,1.6-3,CVE-2022-28844,HIGH,7.8,NVD,3,CVSS:3.1/AV:L/AC:L/PR:N/UI:R/S:U/C:H/I:H/A:H,,NewFound,
adobe,bridge,1.6-3,CVE-2022-28845,HIGH,9.3,NVD,2,AV:N/AC:M/Au:N/C:C/I:C/A:C,,NewFound,
adobe,bridge,1.6-3,CVE-2022-28846,MEDIUM,6.8,NVD,2,AV:N/AC:M/Au:N/C:P/I:P/A:P,,NewFound,
adobe,bridge,1.6-3,CVE-2022-28847,MEDIUM,6.8,NVD,2,AV:N/AC:M/Au:N/C:P/I:P/A:P,,NewFound,
adobe,bridge,1.6-3,CVE-2022-28848,MEDIUM,6.8,NVD,2,AV:N/AC:M/Au:N/C:P/I:P/A:P,,NewFound,
adobe,bridge,1.6-3,CVE-2022-28849,HIGH,7.8,NVD,3,CVSS:3.1/AV:L/AC:L/PR:N/UI:R/S:U/C:H/I:H/A:H,,NewFound,
adobe,bridge,1.6-3,CVE-2022-28850,MEDIUM,5.5,NVD,3,CVSS:3.1/AV:L/AC:L/PR:N/UI:R/S:U/C:H/I:N/A:N,,NewFound,
adobe,bridge,1.6-3,CVE-2023-38216,MEDIUM,5.5,NVD,3,CVSS:3.1/AV:L/AC:L/PR:N/UI:R/S:U/C:H/I:N/A:N,,NewFound,
adobe,bridge,1.6-3,CVE-2023-38217,MEDIUM,5.5,NVD,3,CVSS:3.1/AV:L/AC:L/PR:N/UI:R/S:U/C:H/I:N/A:N,,NewFound,
adobe,bridge,1.6-3,CVE-2023-44327,MEDIUM,5.5,NVD,3,CVSS:3.1/AV:L/AC:L/PR:N/UI:R/S:U/C:H/I:N/A:N,,NewFound,
adobe,bridge,1.6-3,CVE-2023-44328,MEDIUM,5.5,NVD,3,CVSS:3.1/AV:L/AC:L/PR:N/UI:R/S:U/C:H/I:N/A:N,,NewFound,
adobe,bridge,1.6-3,CVE-2023-44329,MEDIUM,5.5,NVD,3,CVSS:3.1/AV:L/AC:L/PR:N/UI:R/S:U/C:H/I:N/A:N,,NewFound,
adobe,bridge,1.6-3,CVE-2024-34139,HIGH,7.8,NVD,3,CVSS:3.1/AV:L/AC:L/PR:N/UI:R/S:U/C:H/I:H/A:H,,NewFound,
adobe,bridge,1.6-3,CVE-2024-34140,MEDIUM,5.5,NVD,3,CVSS:3.1/AV:L/AC:L/PR:N/UI:R/S:U/C:H/I:N/A:N,,NewFound,
adobe,bridge,1.6-3,CVE-2024-39386,HIGH,7.8,NVD,3,CVSS:3.1/AV:L/AC:L/PR:N/UI:R/S:U/C:H/I:H/A:H,,NewFound,
adobe,bridge,1.6-3,CVE-2024-39387,MEDIUM,5.5,NVD,3,CVSS:3.1/AV:L/AC:L/PR:N/UI:R/S:U/C:H/I:N/A:N,,NewFound,
adobe,bridge,1.6-3,CVE-2024-41840,HIGH,7.8,NVD,3,CVSS:3.1/AV:L/AC:L/PR:N/UI:R/S:U/C:H/I:H/A:H,,NewFound,
qodeinteractive,bridge,1.6-3,CVE-2017-13138,MEDIUM,6.1,NVD,3,CVSS:3.0/AV:N/AC:L/PR:N/UI:R/S:C/C:L/I:L/A:N,,NewFound,
lg,bridge,1.6-3,CVE-2019-20781,HIGH,7.8,NVD,3,CVSS:3.1/AV:L/AC:L/PR:N/UI:R/S:U/C:H/I:H/A:H,,NewFound,
edwiser,bridge,1.6-3,CVE-2021-4399,HIGH,8.8,NVD,3,CVSS:3.1/AV:N/AC:L/PR:N/UI:R/S:U/C:H/I:H/A:H,,NewFound,
zlib,zlib,1.2.11-3,CVE-2018-25032,HIGH,7.5,NVD,3,CVSS:3.1/AV:N/AC:L/PR:N/UI:N/S:U/C:N/I:N/A:H,,NewFound,
zlib,zlib,1.2.11-3,CVE-2022-37434,CRITICAL,9.8,NVD,3,CVSS:3.1/AV:N/AC:L/PR:N/UI:N/S:U/C:H/I:H/A:H,,NewFound,
zlib,zlib,1.2.11-3,CVE-2023-45853,CRITICAL,9.8,NVD,3,CVSS:3.1/AV:N/AC:L/PR:N/UI:N/S:U/C:H/I:H/A:H,,NewFound,
cloudflare,zlib,1.2.11-3,CVE-2023-6992,MEDIUM,5.5,NVD,3,CVSS:3.1/AV:L/AC:L/PR:L/UI:N/S:U/C:N/I:N/A:H,,NewFound,
unknown,libid3tag,0.15.1b-4,CVE-2017-11550,MEDIUM,5.5,NVD,3,CVSS:3.0/AV:L/AC:L/PR:N/UI:R/S:U/C:N/I:N/A:H,,NewFound,
libexpat_project,libexpat,2.2.7-1,CVE-2013-0340,UNKNOWN,unknown,OSV,unknown,unknown,,NewFound,
libexpat_project,libexpat,2.2.7-1,CVE-2019-15903,HIGH,7.5,NVD,3,CVSS:3.1/AV:N/AC:L/PR:N/UI:N/S:U/C:N/I:N/A:H,,NewFound,
libexpat_project,libexpat,2.2.7-1,CVE-2021-45960,HIGH,8.8,NVD,3,CVSS:3.1/AV:N/AC:L/PR:L/UI:N/S:U/C:H/I:H/A:H,,NewFound,
libexpat_project,libexpat,2.2.7-1,CVE-2021-46143,HIGH,7.8,NVD,3,CVSS:3.1/AV:L/AC:L/PR:N/UI:R/S:U/C:H/I:H/A:H,,NewFound,
libexpat_project,libexpat,2.2.7-1,CVE-2022-22822,UNKNOWN,unknown,OSV,unknown,unknown,,NewFound,
libexpat_project,libexpat,2.2.7-1,CVE-2022-22823,CRITICAL,9.8,NVD,3,CVSS:3.1/AV:N/AC:L/PR:N/UI:N/S:U/C:H/I:H/A:H,,NewFound,
libexpat_project,libexpat,2.2.7-1,CVE-2022-22824,CRITICAL,9.8,NVD,3,CVSS:3.1/AV:N/AC:L/PR:N/UI:N/S:U/C:H/I:H/A:H,,NewFound,
libexpat_project,libexpat,2.2.7-1,CVE-2022-22825,HIGH,8.8,NVD,3,CVSS:3.1/AV:N/AC:L/PR:N/UI:R/S:U/C:H/I:H/A:H,,NewFound,
libexpat_project,libexpat,2.2.7-1,CVE-2022-22826,HIGH,8.8,NVD,3,CVSS:3.1/AV:N/AC:L/PR:N/UI:R/S:U/C:H/I:H/A:H,,NewFound,
libexpat_project,libexpat,2.2.7-1,CVE-2022-22827,HIGH,8.8,NVD,3,CVSS:3.1/AV:N/AC:L/PR:N/UI:R/S:U/C:H/I:H/A:H,,NewFound,
libexpat_project,libexpat,2.2.7-1,CVE-2022-23852,UNKNOWN,unknown,OSV,unknown,unknown,,NewFound,
libexpat_project,libexpat,2.2.7-1,CVE-2022-23990,HIGH,7.5,NVD,3,CVSS:3.1/AV:N/AC:L/PR:N/UI:N/S:U/C:N/I:N/A:H,,NewFound,
libexpat_project,libexpat,2.2.7-1,CVE-2022-25235,CRITICAL,9.8,NVD,3,CVSS:3.1/AV:N/AC:L/PR:N/UI:N/S:U/C:H/I:H/A:H,,NewFound,
libexpat_project,libexpat,2.2.7-1,CVE-2022-25236,CRITICAL,9.8,NVD,3,CVSS:3.1/AV:N/AC:L/PR:N/UI:N/S:U/C:H/I:H/A:H,,NewFound,
libexpat_project,libexpat,2.2.7-1,CVE-2022-25313,MEDIUM,6.5,NVD,3,CVSS:3.1/AV:N/AC:L/PR:N/UI:R/S:U/C:N/I:N/A:H,,NewFound,
libexpat_project,libexpat,2.2.7-1,CVE-2022-25314,UNKNOWN,unknown,OSV,unknown,unknown,,NewFound,
libexpat_project,libexpat,2.2.7-1,CVE-2022-25315,CRITICAL,9.8,NVD,3,CVSS:3.1/AV:N/AC:L/PR:N/UI:N/S:U/C:H/I:H/A:H,,NewFound,
libexpat_project,libexpat,2.2.7-1,CVE-2022-40674,HIGH,8.1,NVD,3,CVSS:3.1/AV:N/AC:H/PR:N/UI:N/S:U/C:H/I:H/A:H,,NewFound,
libexpat_project,libexpat,2.2.7-1,CVE-2022-43680,UNKNOWN,unknown,OSV,unknown,unknown,,NewFound,
libexpat_project,libexpat,2.2.7-1,CVE-2023-52425,HIGH,7.5,NVD,3,CVSS:3.1/AV:N/AC:L/PR:N/UI:N/S:U/C:N/I:N/A:H,,NewFound,
libexpat_project,libexpat,2.2.7-1,CVE-2023-52426,MEDIUM,5.5,NVD,3,CVSS:3.1/AV:L/AC:L/PR:L/UI:N/S:U/C:N/I:N/A:H,,NewFound,
libexpat_project,libexpat,2.2.7-1,CVE-2024-45490,CRITICAL,9.8,NVD,3,CVSS:3.1/AV:N/AC:L/PR:N/UI:N/S:U/C:H/I:H/A:H,,NewFound,
libexpat_project,libexpat,2.2.7-1,CVE-2024-45491,CRITICAL,9.8,NVD,3,CVSS:3.1/AV:N/AC:L/PR:N/UI:N/S:U/C:H/I:H/A:H,,NewFound,
libexpat_project,libexpat,2.2.7-1,CVE-2024-45492,CRITICAL,9.8,NVD,3,CVSS:3.1/AV:N/AC:L/PR:N/UI:N/S:U/C:H/I:H/A:H,,NewFound,
redhat,kernel,git_gitolite_openwrt__openwrt_broadcom_bcm963xx_5_02L_07_git-tch_bcm5_02L_07patch1_wlan19_1_1p2-1-036bded426297fe68ce5c3d8ab8c6658,CVE-2003-0700,HIGH,7.5,NVD,2,AV:N/AC:L/Au:N/C:P/I:P/A:P,,NewFound,
linux,kernel,git_gitolite_openwrt__openwrt_broadcom_bcm963xx_5_02L_07_git-tch_bcm5_02L_07patch1_wlan19_1_1p2-1-036bded426297fe68ce5c3d8ab8c6658,CVE-2010-0309,MEDIUM,6.8,NVD,2,AV:N/AC:L/Au:S/C:N/I:N/A:C,,NewFound,
libtirpc_project,libtirpc,1.1.4-2,CVE-2021-46828,HIGH,7.5,NVD,3,CVSS:3.1/AV:N/AC:L/PR:N/UI:N/S:U/C:N/I:N/A:H,,NewFound,
unknown,libtirpc,1.1.4-2,CVE-2021-46828,HIGH,7.5,NVD,3,CVSS:3.1/AV:N/AC:L/PR:N/UI:N/S:U/C:N/I:N/A:H,,NewFound,
unknown,libtirpc,1.1.4-2,USN-5538-1,UNKNOWN,unknown,OSV,unknown,unknown,,NewFound,
es,iperf3,3.7-1,CVE-2023-38403,HIGH,7.5,NVD,3,CVSS:3.1/AV:N/AC:L/PR:N/UI:N/S:U/C:N/I:N/A:H,,NewFound,
unknown,iperf3,3.7-1,CVE-2023-38403,HIGH,7.5,NVD,3,CVSS:3.1/AV:N/AC:L/PR:N/UI:N/S:U/C:N/I:N/A:H,,NewFound,
unknown,iperf3,3.7-1,USN-6431-1,UNKNOWN,unknown,OSV,unknown,unknown,,NewFound,
unknown,libuv1,1.32.0-1,USN-4548-1,UNKNOWN,unknown,OSV,unknown,unknown,,NewFound,
unknown,libuv1,1.32.0-1,USN-5007-1,UNKNOWN,unknown,OSV,unknown,unknown,,NewFound,
unknown,libuv1,1.32.0-1,USN-6666-1,UNKNOWN,unknown,OSV,unknown,unknown,,NewFound,
f5,nginx,1.16.1-1,CVE-2019-20372,MEDIUM,5.3,NVD,3,CVSS:3.1/AV:N/AC:L/PR:N/UI:N/S:U/C:L/I:N/A:N,,NewFound,
f5,nginx,1.16.1-1,CVE-2021-23017,HIGH,7.7,NVD,3,CVSS:3.1/AV:N/AC:H/PR:N/UI:N/S:U/C:H/I:H/A:L,,NewFound,
f5,nginx,1.16.1-1,CVE-2021-3618,HIGH,7.4,NVD,3,CVSS:3.1/AV:N/AC:H/PR:N/UI:N/S:U/C:H/I:H/A:N,,NewFound,
f5,nginx,1.16.1-1,CVE-2022-41741,HIGH,7.8,NVD,3,CVSS:3.1/AV:L/AC:L/PR:L/UI:N/S:U/C:H/I:H/A:H,,NewFound,
f5,nginx,1.16.1-1,CVE-2022-41742,HIGH,7.1,NVD,3,CVSS:3.1/AV:L/AC:L/PR:L/UI:N/S:U/C:H/I:N/A:H,,NewFound,
f5,nginx,1.16.1-1,CVE-2023-44487,HIGH,7.5,NVD,3,CVSS:3.1/AV:N/AC:L/PR:N/UI:N/S:U/C:N/I:N/A:H,,NewFound,
unknown,nginx,1.16.1-1,CVE-2021-23017,HIGH,7.7,NVD,3,CVSS:3.1/AV:N/AC:H/PR:N/UI:N/S:U/C:H/I:H/A:L,,NewFound,
unknown,nginx,1.16.1-1,CVE-2021-3618,HIGH,7.4,NVD,3,CVSS:3.1/AV:N/AC:H/PR:N/UI:N/S:U/C:H/I:H/A:N,,NewFound,
unknown,nginx,1.16.1-1,CVE-2023-44487,HIGH,7.5,NVD,3,CVSS:3.1/AV:N/AC:L/PR:N/UI:N/S:U/C:N/I:N/A:H,,NewFound,
unknown,nginx,1.16.1-1,CVE-2024-7347,MEDIUM,4.7,NVD,3,CVSS:3.1/AV:L/AC:H/PR:N/UI:R/S:U/C:N/I:N/A:H,,NewFound,
unknown,nginx,1.16.1-1,USN-4967-1,UNKNOWN,unknown,OSV,unknown,unknown,,NewFound,
unknown,nginx,1.16.1-1,USN-5371-1,UNKNOWN,unknown,OSV,unknown,unknown,,NewFound,
unknown,nginx,1.16.1-1,USN-5722-1,UNKNOWN,unknown,OSV,unknown,unknown,,NewFound,
unknown,nginx,1.16.1-1,USN-7014-1,UNKNOWN,unknown,OSV,unknown,unknown,,NewFound,
